DATE,RSAFS,UMCSENT,CPIAUCSL
2012-01-01,387531,75.0,227.842
2012-02-01,392310,75.3,228.329
2012-03-01,393698,76.2,228.807
2012-04-01,392073,76.4,229.187
2012-05-01,391376,79.3,228.713
2012-06-01,387901,73.2,228.524
2012-07-01,389686,72.3,228.59
2012-08-01,394524,74.3,229.918
2012-09-01,397681,78.3,231.015
2012-10-01,397494,82.6,231.638
2012-11-01,399708,82.7,231.249
2012-12-01,401093,72.9,231.221
2013-01-01,404434,73.8,231.679
2013-02-01,409118,77.6,232.937
2013-03-01,406223,78.6,232.282
2013-04-01,404231,76.4,231.797
2013-05-01,406677,84.5,231.893
2013-06-01,407921,84.1,232.445
2013-07-01,410268,85.1,232.9
2013-08-01,409691,82.1,233.456
2013-09-01,410044,77.5,233.544
2013-10-01,411399,73.2,233.669
2013-11-01,412561,75.1,234.1
2013-12-01,414812,82.5,234.719
2014-01-01,411561,81.2,235.288
2014-02-01,416736,81.6,235.547
2014-03-01,421230,80.0,236.028
2014-04-01,425546,84.1,236.468
2014-05-01,426253,81.9,236.918
2014-06-01,427305,82.5,237.231
2014-07-01,428079,81.8,237.498
2014-08-01,431379,82.5,237.46
2014-09-01,430189,84.6,237.477
2014-10-01,431903,86.9,237.43
2014-11-01,433113,88.8,236.983
2014-12-01,430110,93.6,236.252
2015-01-01,428186,98.1,234.747
2015-02-01,427105,95.4,235.342
2015-03-01,433620,93.0,235.976
2015-04-01,434514,95.9,236.222
2015-05-01,437866,90.7,237.001
2015-06-01,437918,96.1,237.657
2015-07-01,442012,93.1,238.034
2015-08-01,441903,91.9,238.033
2015-09-01,439795,87.2,237.498
2015-10-01,438818,90.0,237.733
2015-11-01,440363,91.3,238.017
2015-12-01,442155,92.6,237.761
2016-01-01,439252,92.0,237.652
2016-02-01,443208,91.7,237.336
2016-03-01,441814,91.0,238.08
2016-04-01,444233,89.0,238.992
2016-05-01,445441,94.7,239.557
2016-06-01,450407,93.5,240.222
2016-07-01,449745,90.0,240.101
2016-08-01,449923,89.8,240.545
2016-09-01,453210,91.2,241.176
2016-10-01,453910,87.2,241.741
2016-11-01,453727,93.8,242.026
2016-12-01,459605,98.2,242.637
2017-01-01,464228,98.5,243.618
2017-02-01,464309,96.3,244.006
2017-03-01,463589,96.9,243.892
2017-04-01,465260,97.0,244.193
2017-05-01,462759,97.1,244.004
2017-06-01,465241,95.0,244.163
2017-07-01,465157,93.4,244.243
2017-08-01,466010,96.8,245.183
2017-09-01,475658,95.1,246.435
2017-10-01,475945,100.7,246.626
2017-11-01,481123,98.5,247.284
2017-12-01,483576,95.9,247.805
2018-01-01,481190,95.7,248.859
2018-02-01,484223,99.7,249.529
2018-03-01,484447,101.4,249.577
2018-04-01,484252,98.8,250.227
2018-05-01,492202,98.0,250.792
2018-06-01,490468,98.2,251.018
2018-07-01,493382,97.9,251.214
2018-08-01,493757,96.2,251.663
2018-09-01,491744,100.1,252.182
2018-10-01,496568,98.6,252.772
2018-11-01,499451,97.5,252.594
2018-12-01,489878,98.3,252.767
2019-01-01,490789,91.2,252.561
2019-02-01,492328,93.8,253.319
2019-03-01,499614,98.4,254.277
2019-04-01,499609,97.2,255.233
2019-05-01,505356,100.0,255.296
2019-06-01,505681,98.2,255.213
2019-07-01,509389,98.4,255.802
2019-08-01,513222,89.8,256.036
2019-09-01,509503,93.2,256.43
2019-10-01,510902,95.5,257.155
2019-11-01,514649,96.8,257.879
2019-12-01,516273,99.3,258.63
2020-01-01,515417,99.8,259.127
2020-02-01,515800,101.0,259.25
2020-03-01,468632,89.1,258.076
2020-04-01,402157,71.8,256.032
2020-05-01,480256,72.3,255.802
2020-06-01,518998,78.1,257.042
2020-07-01,526938,72.5,258.352
2020-08-01,531019,74.1,259.316
2020-09-01,541241,80.4,259.997
2020-10-01,539469,81.8,260.319
2020-11-01,534539,76.9,260.911
2020-12-01,539422,80.7,262.045
2021-01-01,559736,79.0,262.687
2021-02-01,545417,76.8,263.579
2021-03-01,603580,84.9,264.961
2021-04-01,609247,88.3,266.614
2021-05-01,605589,82.9,268.383
2021-06-01,611711,85.5,270.654
2021-07-01,602014,81.2,271.903
2021-08-01,605419,70.3,272.676
2021-09-01,610161,72.8,273.91
2021-10-01,619018,71.7,276.55
2021-11-01,625980,67.4,278.919
2021-12-01,621734,70.6,280.845
2022-01-01,634120,67.2,282.543
2022-02-01,640815,62.8,284.5
2022-03-01,652673,59.4,287.674
2022-04-01,661508,65.2,288.561
2022-05-01,661325,58.4,291.298
2022-06-01,667984,50.0,294.957
2022-07-01,659750,51.5,294.913
2022-08-01,662999,58.2,295.097
2022-09-01,661072,58.6,296.349
2022-10-01,666924,59.9,298.007
2022-11-01,656410,56.7,298.786
2022-12-01,648305,59.8,298.832
2023-01-01,674646,64.9,300.42
2023-02-01,664692,66.9,301.45
2023-03-01,655146,62.0,301.821
2023-04-01,658962,63.7,302.845
2023-05-01,662303,59.0,303.334
2023-06-01,664476,64.2,304.014
2023-07-01,663391,71.5,304.609
2023-08-01,667632,69.4,306.082
2023-09-01,671096,67.8,307.276
2023-10-01,667815,63.8,307.696
2023-11-01,666419,61.3,308.148
2023-12-01,666963,69.7,308.741
2024-01-01,660602,79.0,309.698
2024-02-01,664621,76.9,310.967
2024-03-01,664328,79.4,312.345
2024-04-01,664858,77.2,313.023
2024-05-01,667659,69.1,313.175
2024-06-01,666040,68.2,313.044
2024-07-01,673662,66.4,313.569
2024-08-01,670668,67.9,314.062
2024-09-01,676005,70.1,314.732
2024-10-01,681808,70.5,315.631
2024-11-01,685709,71.8,316.528
2024-12-01,691794,74.0,317.604
2025-01-01,687058,71.7,318.961
2025-02-01,683772,64.7,319.679
2025-03-01,694750,57.0,319.785
2025-04-01,695464,52.2,320.302
2025-05-01,685488,52.2,320.62
2025-06-01,691883,60.7,321.435
2025-07-01,698280,61.7,322.169
2025-08-01,700218,58.2,323.291
2025-09-01,701453,55.1,324.245
2025-10-01,700790,53.6,324.245
2025-11-01,705453,51.0,325.063
2025-12-01,706264,52.9,326.031
2026-01-01,701860,56.4,326.588
2026-02-01,707959,56.6,327.46
2026-03-01,719700,53.3,330.293
2026-04-01,723921,49.8,332.407
2026-05-01,731415,44.8,333.979
2026-06-01,732898,49.5,332.568
2026-07-01,729538,55.2,332.813
2026-08-01,737763,51.7,334.131
